{
    "8_DAR-002_1_1": -16.658098697662354,
    "8_DAR-002_2_1": -16.566707849502563,
    "8_DAR-002_3_1": -16.817466735839844,
    "8_DAR-002_3_2": -16.18244504928589,
    "8_DAR-002_3_3": -17.020446300506592,
    "8_DAR-002_4_1": -16.761627674102783,
    "8_DAR-002_4_2": -17.700202465057373,
    "8_DAR-002_5_1": -17.421550273895264,
    "8_DAR-002_5_2": -4.520158410072327,
    "8_DAR-002_5_3": -20.645076394081116,
    "8_DAR-002_6_1": -17.433192253112793,
    "8_DAR-002_8_2": -16.754936516284943,
    "8_DAR-002_13_1": -16.85235357284546,
    "8_DAR-002_15_3": -17.596938610076904,
    "8_DAR-002_17_1": -12.678888320922852,
    "8_DAR-002_17_2": -17.012535572052002,
    "8_DAR-002_17_3": -17.015483856201172,
    "8_DAR-002_17_4": -16.990671634674072,
    "8_DAR-002_17_5": -17.308862686157227,
    "8_DAR-002_17_6": -16.611427545547485,
    "8_DAR-002_17_7": -16.661318063735962,
    "8_DAR-002_17_8": -16.810936450958252,
    "8_DAR-002_17_9": -17.130497455596924,
    "8_DAR-002_17_12": -17.149017333984375,
    "8_DAR-002_17_13": -16.705684661865234,
    "8_DAR-002_17_15": -16.964091300964355,
    "8_DAR-002_18_1": -15.395634859800339,
    "8_DAR-002_18_3": -15.721400260925293,
    "8_DAR-002_18_4": -16.64309459924698,
    "8_DAR-002_19_1": -16.429190635681152,
    "8_DAR-002_20_1": -17.96516078710556,
    "8_DAR-004_1_1": -9.991434097290039,
    "8_DAR-004_2_1": -29.42509412765503,
    "8_DAR-004_4_1": -25.85679531097412,
    "8_DAR-004_4_2": -25.9393367767334,
    "8_DAR-004_5_1": -15.75939655303955,
    "8_DAR-004_5_2": -12.636955738067627,
    "8_DAR-004_5_3": -19.300183296203613,
    "8_DAR-004_6_1": -25.78402280807495,
    "8_DAR-004_17_2": -25.38670825958252,
    "8_DAR-004_17_4": -22.08829927444458,
    "8_DAR-004_17_8": -17.7947039604187,
    "8_DAR-004_18_1": -2.047860860824585,
    "8_DAR-004_19_3": -15.968992948532104,
    "8_DAR-004_20_1": -11.862687587738037,
    "8_DAR-012_1_1": -16.71031665802002,
    "8_DAR-012_4_2": -16.819738626480103,
    "8_DAR-012_14_1": -16.643847703933716,
    "8_DAR-012_17_1": -16.33787441253662,
    "8_DAR-012_17_2": -16.677940845489502,
    "8_DAR-012_18_2": -28.49112367630005,
    "8_DAR-012_18_4": -28.809340953826904,
    "8_DAR-003_2_1": -16.099834084510803,
    "8_DAR-003_3_1": -11.935629606246948,
    "8_DAR-003_3_2": -16.418281078338623,
    "8_DAR-003_3_3": -29.627914428710938,
    "8_DAR-003_4_1": -14.50824499130249,
    "8_DAR-003_17_6": -10.901921272277832,
    "8_DAR-003_17_7": -11.825161933898926,
    "8_DAR-003_17_9": -13.554349899291992,
    "8_DAR-005_3_1": -16.108017921447754,
    "8_DAR-005_3_3": -17.162530183792114,
    "8_DAR-005_17_6": -16.18241024017334,
    "8_DAR-005_17_7": -16.206399083137512,
    "8_DAR-005_17_8": -16.210965633392334,
    "8_DAR-005_17_9": -15.78943681716919,
    "8_DAR-016_3_2": -15.913292646408081,
    "8_DAR-016_8_10": -1.7228446006774902,
    "8_DAR-016_19_1": -16.063570499420166,
    "8_DAR-016_19_2": -2.000204920768738,
    "8_DAR-019_5_1": -16.98443341255188,
    "8_DAR-019_6_1": -17.02422332763672,
    "8_DAR-019_8_1": -16.395984649658203,
    "8_DAR-019_8_2": -27.597298622131348,
    "8_DAR-019_8_4": -21.315540313720703,
    "8_DAR-019_8_6": -21.652790784835815,
    "8_DAR-019_8_10": -28.102116107940674,
    "8_DAR-019_11_1": -16.754802465438843,
    "8_DAR-019_11_2": -15.990767002105713,
    "8_DAR-019_12_1": -16.40332269668579,
    "8_DAR-019_12_2": -15.954150676727295,
    "8_DAR-019_14_4": -26.516281604766846,
    "8_DAR-019_15_6": -16.312567710876465,
    "8_DAR-019_17_5": -17.338690996170044,
    "8_DAR-019_17_12": -18.082019805908203,
    "8_DAR-019_17_16": -17.10562825202942,
    "8_DAR-019_18_1": -26.929564476013184,
    "8_DAR-019_18_2": -27.15403699874878,
    "8_DAR-019_18_3": -26.831433296203613,
    "8_DAR-019_18_4": -26.996741771697998,
    "8_DAR-019_19_1": -17.291702270507812,
    "8_DAR-019_19_2": -29.46934461593628,
    "8_DAR-019_19_3": -17.295238494873047,
    "8_DAR-007_5_2": -7.959356784820557,
    "8_DAR-007_5_3": -15.186558961868286,
    "8_DAR-007_7_1": -25.78942060470581,
    "8_DAR-007_8_3": -18.71857923269272,
    "8_DAR-007_8_5": -18.666751205921173,
    "8_DAR-007_8_7": -16.974777460098267,
    "8_DAR-007_8_8": -28.716038703918457,
    "8_DAR-007_8_9": -20.419422149658203,
    "8_DAR-007_9_1": -16.121516704559326,
    "8_DAR-007_9_3": -16.16214656829834,
    "8_DAR-007_11_1": -29.25367546081543,
    "8_DAR-007_11_2": -28.96530246734619,
    "8_DAR-007_12_1": -29.33255958557129,
    "8_DAR-007_12_2": -29.279682636260986,
    "8_DAR-007_17_3": -29.049880027770996,
    "8_DAR-007_17_4": -28.97683811187744,
    "8_DAR-007_17_10": -16.523317098617554,
    "8_DAR-007_17_11": -16.705904006958008,
    "8_DAR-007_17_12": -16.93636703491211,
    "8_DAR-007_18_2": -27.71119213104248,
    "8_DAR-007_18_3": -29.44803237915039,
    "8_DAR-007_20_1": -27.170254230499268,
    "8_DAR-006_7_1": -26.7441987991333,
    "8_DAR-006_8_1": -15.83203911781311,
    "8_DAR-006_8_2": -27.177428245544434,
    "8_DAR-006_8_3": -17.87604531645775,
    "8_DAR-006_8_4": -15.90854787826538,
    "8_DAR-006_8_5": -15.7972412109375,
    "8_DAR-006_8_6": -17.65311884880066,
    "8_DAR-006_8_7": -16.137640476226807,
    "8_DAR-006_8_8": -15.493050575256348,
    "8_DAR-006_8_9": -9.661964893341064,
    "8_DAR-006_9_1": -29.55272340774536,
    "8_DAR-006_9_2": -29.14962673187256,
    "8_DAR-006_9_3": -29.41847848892212,
    "8_DAR-006_9_4": -29.010326385498047,
    "8_DAR-006_9_5": -29.639758110046387,
    "8_DAR-006_10_1": -29.59122085571289,
    "8_DAR-006_13_2": -28.3406982421875,
    "8_DAR-006_15_5": -16.485909461975098,
    "8_DAR-006_17_10": -29.32077693939209,
    "8_DAR-006_17_11": -29.052947521209717,
    "8_DAR-001_7_1": -17.793906927108765,
    "8_DAR-001_8_1": -19.445135354995728,
    "8_DAR-001_8_3": -17.68773078918457,
    "8_DAR-001_8_4": -29.26969623565674,
    "8_DAR-001_8_5": -17.704707384109497,
    "8_DAR-001_8_6": -29.60744857788086,
    "8_DAR-001_8_7": -17.689424514770508,
    "8_DAR-001_8_8": -29.414161205291748,
    "8_DAR-001_8_9": 9.121615290641785,
    "8_DAR-001_9_1": -8.78115975856781,
    "8_DAR-001_9_2": -13.467536449432373,
    "8_DAR-001_9_3": -8.14956146478653,
    "8_DAR-001_9_4": -13.454226970672607,
    "8_DAR-001_11_1": -3.1965951919555664,
    "8_DAR-001_11_2": -1.3428752422332764,
    "8_DAR-001_15_4": -5.865526437759399,
    "8_DAR-001_17_3": -4.559073448181152,
    "8_DAR-001_17_10": -10.22376036643982,
    "8_DAR-001_17_11": -11.649756908416748,
    "8_DAR-008_8_10": -14.226399898529053,
    "8_DAR-008_9_5": -25.900846481323242,
    "8_DAR-008_10_1": -19.394174590706825,
    "8_DAR-008_13_1": -29.819292068481445,
    "8_DAR-008_13_2": -27.736670970916748,
    "8_DAR-008_14_1": -27.94218349456787,
    "8_DAR-008_14_2": -27.154751300811768,
    "8_DAR-008_14_3": -28.07126235961914,
    "8_DAR-008_14_4": -26.78261089324951,
    "8_DAR-008_15_1": -16.31122398376465,
    "8_DAR-008_15_2": -29.757683753967285,
    "8_DAR-008_16_1": -15.328892707824707,
    "8_DAR-008_16_2": -25.81559944152832,
    "8_DAR-008_17_5": -27.084364414215088,
    "8_DAR-008_17_13": -28.28650999069214,
    "8_DAR-008_17_14": -29.03218364715576,
    "8_DAR-008_17_15": -21.725661158561707,
    "8_DAR-008_17_16": -20.34094476699829,
    "8_DAR-013_9_2": -15.646772146224976,
    "8_DAR-013_9_4": -15.642163753509521,
    "8_DAR-013_17_1": -16.504435062408447,
    "8_DAR-017_9_5": -28.56176519393921,
    "8_DAR-017_10_1": -21.113784790039062,
    "8_DAR-017_13_1": -16.91041111946106,
    "8_DAR-017_13_2": -29.339629650115967,
    "8_DAR-017_14_1": -16.98525905609131,
    "8_DAR-017_14_2": -16.48264455795288,
    "8_DAR-017_14_3": -29.443411827087402,
    "8_DAR-017_14_4": -25.353811740875244,
    "8_DAR-017_15_7": -16.01534080505371,
    "8_DAR-017_16_2": -21.43678045272827,
    "8_DAR-017_17_13": -17.740159273147583,
    "8_DAR-017_17_14": -17.012042999267578,
    "8_DAR-017_17_15": -16.512805461883545,
    "8_DAR-017_19_3": -17.569477081298828,